sampleID,anti_oxidant,oxidation,H2O,zddp,soot,fuel_dilution,mixture,NLGI,contam
5995,12,0,4158,NULL,NULL,NULL,NULL,NULL,1.635
6057,8,0,3904,NULL,NULL,NULL,NULL,NULL,2.438
6060,26,0,3990,NULL,NULL,NULL,NULL,NULL,1.894
6061,0,0,4391,NULL,NULL,NULL,NULL,NULL,1.599
6065,0,0,4656,NULL,NULL,NULL,NULL,NULL,1.872
6069,13,0,3778,NULL,NULL,NULL,NULL,NULL,1.454
6075,3,0,4082,NULL,NULL,NULL,NULL,NULL,2.305
6079,68,0,4117,NULL,NULL,NULL,NULL,NULL,5.273
6086,40,0,3815,NULL,NULL,NULL,NULL,NULL,4.474
6090,40,0,3672,NULL,NULL,NULL,NULL,NULL,4.543
6094,3,0,5154,NULL,NULL,NULL,NULL,NULL,3.256
6748,39,0,2873,NULL,NULL,NULL,NULL,NULL,3.53
6752,13,1,3466,NULL,NULL,NULL,NULL,NULL,4.206
6755,22,0,2971,NULL,NULL,NULL,NULL,NULL,4.63
6759,10,0,3891,NULL,NULL,NULL,NULL,NULL,3.785
6761,21,0,3988,NULL,NULL,NULL,NULL,NULL,4.134
6766,40,0,1777,NULL,NULL,NULL,NULL,NULL,7.642
6772,28,0,4215,NULL,NULL,NULL,NULL,NULL,2.792
6782,25,0,5038,NULL,NULL,NULL,NULL,NULL,2.061
6788,34,2,3503,NULL,NULL,NULL,NULL,NULL,1.49
6794,31,0,1381,NULL,NULL,NULL,NULL,NULL,7.251
6802,35,0,2156,NULL,NULL,NULL,NULL,NULL,6.862
6805,33,0,2096,NULL,NULL,NULL,NULL,NULL,6.552
6821,62,0,1433,NULL,NULL,NULL,NULL,NULL,7.484
6905,38,0,4507,NULL,NULL,NULL,NULL,NULL,2.593
6910,73,0,4422,NULL,NULL,NULL,NULL,NULL,3.784
6912,25,0,5433,NULL,NULL,NULL,NULL,NULL,2.652
6914,12,0,5195,NULL,NULL,NULL,NULL,NULL,2.386
6919,18,0,4235,NULL,NULL,NULL,NULL,NULL,2.701
6923,23,0,3882,NULL,NULL,NULL,NULL,NULL,3.417
6925,21,0,4421,NULL,NULL,NULL,NULL,NULL,2.977
6930,19,0,5109,NULL,NULL,NULL,NULL,NULL,3.102
6931,9,0,4292,NULL,NULL,NULL,NULL,NULL,3.603
6935,23,0,3927,NULL,NULL,NULL,NULL,NULL,3.766
6939,14,0,4026,NULL,NULL,NULL,NULL,NULL,3.417
6942,67,0,4944,NULL,NULL,NULL,NULL,NULL,3
6943,22,0,3823,NULL,NULL,NULL,NULL,NULL,3.166
6951,23,0,4986,NULL,NULL,NULL,NULL,NULL,2.433
6953,25,0,3882,NULL,NULL,NULL,NULL,NULL,2.948
6956,24,0,4186,NULL,NULL,NULL,NULL,NULL,2.897
6957,19,0,4945,NULL,NULL,NULL,NULL,NULL,2.315
6960,25,0,3539,NULL,NULL,NULL,NULL,NULL,3.195
6962,14,0,4709,NULL,NULL,NULL,NULL,NULL,2.832
6970,25,0,4435,NULL,NULL,NULL,NULL,NULL,2.934
6974,62,0,5142,NULL,NULL,NULL,NULL,NULL,2.256
6979,16,0,3520,NULL,NULL,NULL,NULL,NULL,2.222
6982,24,0,3656,NULL,NULL,NULL,NULL,NULL,2.756
6985,77,0,5569,NULL,NULL,NULL,NULL,NULL,2.301
6988,52,0,4508,NULL,NULL,NULL,NULL,NULL,3.049
6992,65,0,4364,NULL,NULL,NULL,NULL,NULL,2.303
6995,27,0,4820,NULL,NULL,NULL,NULL,NULL,2.37
6997,6,0,5245,NULL,NULL,NULL,NULL,NULL,1.88
7003,17,0,5136,NULL,NULL,NULL,NULL,NULL,1.996
7007,16,0,3652,NULL,NULL,NULL,NULL,NULL,2.404
7019,25,0,4332,NULL,NULL,NULL,NULL,NULL,3.15
7027,33,0,4733,NULL,NULL,NULL,NULL,NULL,2.886
7040,21,0,3939,NULL,NULL,NULL,NULL,NULL,3.674
7044,21,0,4506,NULL,NULL,NULL,NULL,NULL,3.561
7049,21,0,4157,NULL,NULL,NULL,NULL,NULL,1.97
7056,21,0,3845,NULL,NULL,NULL,NULL,NULL,2.147
7058,15,0,4616,NULL,NULL,NULL,NULL,NULL,4.626
7074,10,0,3333,NULL,NULL,NULL,NULL,NULL,5.004
7083,7,0,4686,NULL,NULL,NULL,NULL,NULL,4.039
7087,27,0,4238,NULL,NULL,NULL,NULL,NULL,3.35
7090,35,0,3609,NULL,NULL,NULL,NULL,NULL,2.84
7174,50,0,1463,NULL,NULL,NULL,NULL,NULL,6.257
7175,13,0,2148,NULL,NULL,NULL,NULL,NULL,6.035
7181,77,0,1432,NULL,NULL,NULL,NULL,NULL,5.943
7185,22,0,3436,NULL,NULL,NULL,NULL,NULL,2.84
7191,20,0,3167,NULL,NULL,NULL,NULL,NULL,0.976
7193,70,0,1603,NULL,NULL,NULL,NULL,NULL,7.524
7196,42,0,2431,NULL,NULL,NULL,NULL,NULL,5.292
7200,59,0,2784,NULL,NULL,NULL,NULL,NULL,3.263
7209,40,0,2239,NULL,NULL,NULL,NULL,NULL,4.761
7212,22,0,1267,NULL,NULL,NULL,NULL,NULL,4.691
7215,29,0,1428,NULL,NULL,NULL,NULL,NULL,8.365
7220,49,0,3007,NULL,NULL,NULL,NULL,NULL,3.726
7225,22,0,1889,NULL,NULL,NULL,NULL,NULL,4.605
7231,19,0,1939,NULL,NULL,NULL,NULL,NULL,7.976
7235,75,0,1767,NULL,NULL,NULL,NULL,NULL,6.405
7239,16,1,1695,NULL,NULL,NULL,NULL,NULL,4.803
7247,44,0,5044,NULL,NULL,NULL,NULL,NULL,2.801
7249,26,1,5491,NULL,NULL,NULL,NULL,NULL,3.016
7252,2,1,5598,NULL,NULL,NULL,NULL,NULL,3.719
7256,33,0,1624,NULL,NULL,NULL,NULL,NULL,8.134
7533,59,0,2151,NULL,NULL,NULL,NULL,NULL,4.31
7537,6,0,2424,NULL,NULL,NULL,NULL,NULL,4.625
7552,33,0,3489,NULL,NULL,NULL,NULL,NULL,3.579
7562,55,0,3164,NULL,NULL,NULL,NULL,NULL,4.546
7566,71,0,2420,NULL,NULL,NULL,NULL,NULL,3.825
7570,36,0,2484,NULL,NULL,NULL,NULL,NULL,4.854
7845,86,0,4384,NULL,NULL,NULL,NULL,NULL,2.892
7848,77,0,3766,NULL,NULL,NULL,NULL,NULL,1.885
7849,75,0,3698,NULL,NULL,NULL,NULL,NULL,4.033
7864,57,0,3805,NULL,NULL,NULL,NULL,NULL,1.985
7877,25,0,3954,NULL,NULL,NULL,NULL,NULL,3.374
7879,39,0,4098,NULL,NULL,NULL,NULL,NULL,2.339
7884,0,0,3163,NULL,NULL,NULL,NULL,NULL,2.412
7887,28,0,3939,NULL,NULL,NULL,NULL,NULL,2.315
7889,32,0,1874,NULL,NULL,NULL,NULL,NULL,1.999
7893,16,0,3781,NULL,NULL,NULL,NULL,NULL,2.611
7900,54,0,3989,NULL,NULL,NULL,NULL,NULL,2.173
7906,11,0,2806,NULL,NULL,NULL,NULL,NULL,1.99
7908,69,0,4455,NULL,NULL,NULL,NULL,NULL,2.276
7911,18,0,4398,NULL,NULL,NULL,NULL,NULL,2.228
7913,48,0,4345,NULL,NULL,NULL,NULL,NULL,3.37
7928,22,0,3181,NULL,NULL,NULL,NULL,NULL,3.457
7929,20,0,2278,NULL,NULL,NULL,NULL,NULL,3.406
7932,0,0,3660,NULL,NULL,NULL,NULL,NULL,3.828
7934,9,0,3448,NULL,NULL,NULL,NULL,NULL,3.652
7939,9,0,1886,NULL,NULL,NULL,NULL,NULL,5.735
7941,26,0,1274,NULL,NULL,NULL,NULL,NULL,8.821
7946,48,0,1989,NULL,NULL,NULL,NULL,NULL,3.745
7949,26,0,1565,NULL,NULL,NULL,NULL,NULL,5.954
7954,36,0,1905,NULL,NULL,NULL,NULL,NULL,4.674
7959,15,0,1614,NULL,NULL,NULL,NULL,NULL,5.835
7965,56,0,2489,NULL,NULL,NULL,NULL,NULL,4.434
7968,32,0,1709,NULL,NULL,NULL,NULL,NULL,6.935
7970,27,0,1183,NULL,NULL,NULL,NULL,NULL,7.424
7974,29,0,2077,NULL,NULL,NULL,NULL,NULL,5.887
7976,18,0,1539,NULL,NULL,NULL,NULL,NULL,8.959
7977,40,0,1656,NULL,NULL,NULL,NULL,NULL,6.789
7986,41,0,3287,NULL,NULL,NULL,NULL,NULL,3.022
7988,31,0,1763,NULL,NULL,NULL,NULL,NULL,9.297
7998,14,0,1887,NULL,NULL,NULL,NULL,NULL,6.008
7999,58,0,1739,NULL,NULL,NULL,NULL,NULL,6.702
8001,23,0,1615,NULL,NULL,NULL,NULL,NULL,8.441
8005,28,0,1892,NULL,NULL,NULL,NULL,NULL,6.831
8007,28,0,1911,NULL,NULL,NULL,NULL,NULL,11.123
8025,78,0,3507,NULL,NULL,NULL,NULL,NULL,3.252
8348,52,0,1329,NULL,NULL,NULL,NULL,NULL,5.678
8359,32,0,2621,NULL,NULL,NULL,NULL,NULL,4.166
8365,24,0,2397,NULL,NULL,NULL,NULL,NULL,5.692
8367,30,0,2258,NULL,NULL,NULL,NULL,NULL,5.873
8381,30,0,2073,NULL,NULL,NULL,NULL,NULL,3.755
8384,31,0,1797,NULL,NULL,NULL,NULL,NULL,3.826
8387,38,0,1831,NULL,NULL,NULL,NULL,NULL,4.065
8393,37,0,1500,NULL,NULL,NULL,NULL,NULL,2.997
8396,25,0,1435,NULL,NULL,NULL,NULL,NULL,2.731
8399,55,0,2412,NULL,NULL,NULL,NULL,NULL,2.22
8402,10,0,1661,NULL,NULL,NULL,NULL,NULL,4.819
8405,30,0,1424,NULL,NULL,NULL,NULL,NULL,2.71
8408,38,0,1280,NULL,NULL,NULL,NULL,NULL,2.188
8411,30,0,1565,NULL,NULL,NULL,NULL,NULL,3.881
8414,23,0,2173,NULL,NULL,NULL,NULL,NULL,0.745
8417,22,0,1540,NULL,NULL,NULL,NULL,NULL,5.919
8422,33,0,926,NULL,NULL,NULL,NULL,NULL,1.52
8426,12,0,1946,NULL,NULL,NULL,NULL,NULL,3.378
8429,67,0,1811,NULL,NULL,NULL,NULL,NULL,5.124
8432,35,0,1164,NULL,NULL,NULL,NULL,NULL,4.123
9212,11,0,3396,NULL,NULL,NULL,NULL,NULL,2.514
9233,83,0,4163,NULL,NULL,NULL,NULL,NULL,4.329
9241,22,0,2783,NULL,NULL,NULL,NULL,NULL,3.596
9248,44,0,3562,NULL,NULL,NULL,NULL,NULL,2.052
9267,25,0,2894,NULL,NULL,NULL,NULL,NULL,5.155
9313,83,0,4424,NULL,NULL,NULL,NULL,NULL,4.773
9333,29,0,2266,NULL,NULL,NULL,NULL,NULL,4.836
9336,21,0,3096,NULL,NULL,NULL,NULL,NULL,3.687
9338,3,0,3541,NULL,NULL,NULL,NULL,NULL,3.665
9341,22,0,3713,NULL,NULL,NULL,NULL,NULL,3.804
9343,14,0,3754,NULL,NULL,NULL,NULL,NULL,3.33
9345,21,0,3383,NULL,NULL,NULL,NULL,NULL,3.468
9347,11,0,3276,NULL,NULL,NULL,NULL,NULL,4.43
9349,30,0,3061,NULL,NULL,NULL,NULL,NULL,4.119
9364,8,0,3934,NULL,NULL,NULL,NULL,NULL,2.565
9367,13,0,3522,NULL,NULL,NULL,NULL,NULL,2.878
9370,48,0,3667,NULL,NULL,NULL,NULL,NULL,3.388
9385,34,0,3575,NULL,NULL,NULL,NULL,NULL,3.312
9392,11,0,3636,NULL,NULL,NULL,NULL,NULL,3.41
9397,25,0,2257,NULL,NULL,NULL,NULL,NULL,6.756
9398,6,0,3112,NULL,NULL,NULL,NULL,NULL,3.113
9406,1,0,3575,NULL,NULL,NULL,NULL,NULL,2.878
9422,22,0,3574,NULL,NULL,NULL,NULL,NULL,4.146
9425,16,0,2502,NULL,NULL,NULL,NULL,NULL,2.557
9434,36,0,3142,NULL,NULL,NULL,NULL,NULL,4.499
9437,41,0,3415,NULL,NULL,NULL,NULL,NULL,4.402
9446,25,0,3716,NULL,NULL,NULL,NULL,NULL,4.016
9450,26,0,3210,NULL,NULL,NULL,NULL,NULL,4.304
9464,21,0,3087,NULL,NULL,NULL,NULL,NULL,3.491
9465,21,0,2809,NULL,NULL,NULL,NULL,NULL,4.01
9467,19,0,3158,NULL,NULL,NULL,NULL,NULL,2.932
9471,7,0,3301,NULL,NULL,NULL,NULL,NULL,3.627
9475,0,0,3433,NULL,NULL,NULL,NULL,NULL,4.187
9478,24,0,3106,NULL,NULL,NULL,NULL,NULL,3.405
9481,16,0,3390,NULL,NULL,NULL,NULL,NULL,4.566
9484,19,0,3577,NULL,NULL,NULL,NULL,NULL,3.31
9487,16,0,3426,NULL,NULL,NULL,NULL,NULL,3.021
9489,34,0,4075,NULL,NULL,NULL,NULL,NULL,3.553
9492,25,0,3584,NULL,NULL,NULL,NULL,NULL,4.059
9499,20,0,3964,NULL,NULL,NULL,NULL,NULL,4.181
9521,14,0,2336,NULL,NULL,NULL,NULL,NULL,6.316
9524,24,0,3092,NULL,NULL,NULL,NULL,NULL,4.867
9553,31,0,2337,NULL,NULL,NULL,NULL,NULL,7.121
9565,17,0,1964,NULL,NULL,NULL,NULL,NULL,7.93
9724,23,0,1073,NULL,NULL,NULL,NULL,NULL,5.048
9864,20,0,1305,NULL,NULL,NULL,NULL,NULL,3.922
9867,76,0,1214,NULL,NULL,NULL,NULL,NULL,2.162
9869,44,0,1366,NULL,NULL,NULL,NULL,NULL,3.126
9916,52,0,1206,NULL,NULL,NULL,NULL,NULL,2.132
9991,19,0,1242,NULL,NULL,NULL,NULL,NULL,0.93
9993,22,0,1792,NULL,NULL,NULL,NULL,NULL,4.978
10001,34,0,1327,NULL,NULL,NULL,NULL,NULL,3.221
10003,42,0,1263,NULL,NULL,NULL,NULL,NULL,4.584
10005,37,0,1526,NULL,NULL,NULL,NULL,NULL,3.336
10010,43,0,1403,NULL,NULL,NULL,NULL,NULL,4.379
10300,41,0,1355,NULL,NULL,NULL,NULL,NULL,3.298
10302,21,0,1536,NULL,NULL,NULL,NULL,NULL,3.816
10309,50,0,1243,NULL,NULL,NULL,NULL,NULL,3.848
10312,88,0,1173,NULL,NULL,NULL,NULL,NULL,2.092
10314,10,0,1179,NULL,NULL,NULL,NULL,NULL,3.8
10590,84,0,1907,NULL,NULL,NULL,NULL,NULL,3.511
10682,50,0,3652,NULL,NULL,NULL,NULL,NULL,3.842
10685,52,0,3722,NULL,NULL,NULL,NULL,NULL,4.305
10688,50,0,2846,NULL,NULL,NULL,NULL,NULL,3.304
10692,7,0,3846,NULL,NULL,NULL,NULL,NULL,4.085
10695,22,0,3702,NULL,NULL,NULL,NULL,NULL,4.199
10743,11,0,3504,NULL,NULL,NULL,NULL,NULL,4.108
10746,5,0,3826,NULL,NULL,NULL,NULL,NULL,4.079
10761,17,0,3034,NULL,NULL,NULL,NULL,NULL,4.509
10764,1,0,3588,NULL,NULL,NULL,NULL,NULL,2.622
10776,26,0,3157,NULL,NULL,NULL,NULL,NULL,4.587
10779,23,0,2778,NULL,NULL,NULL,NULL,NULL,4.449
10789,16,0,3093,NULL,NULL,NULL,NULL,NULL,3.331
10793,20,0,2700,NULL,NULL,NULL,NULL,NULL,2.427
10795,26,0,2686,NULL,NULL,NULL,NULL,NULL,2.746
10799,17,0,3470,NULL,NULL,NULL,NULL,NULL,2.266
10804,23,0,3209,NULL,NULL,NULL,NULL,NULL,4.175
10807,20,0,3480,NULL,NULL,NULL,NULL,NULL,4.395
10808,20,0,3832,NULL,NULL,NULL,NULL,NULL,2.696
10814,39,0,3243,NULL,NULL,NULL,NULL,NULL,4.456
10815,10,0,3240,NULL,NULL,NULL,NULL,NULL,4.416
10816,11,0,3018,NULL,NULL,NULL,NULL,NULL,3.981
10821,33,0,3734,NULL,NULL,NULL,NULL,NULL,3.682
10824,15,0,3093,NULL,NULL,NULL,NULL,NULL,4.278
10827,3,0,3499,NULL,NULL,NULL,NULL,NULL,4.128
10830,21,0,3341,NULL,NULL,NULL,NULL,NULL,1.494
10834,30,0,3219,NULL,NULL,NULL,NULL,NULL,3.91
10840,10,0,2808,NULL,NULL,NULL,NULL,NULL,4.526
10865,36,0,3704,NULL,NULL,NULL,NULL,NULL,3.703
10870,8,0,2861,NULL,NULL,NULL,NULL,NULL,4.077
10873,18,0,3336,NULL,NULL,NULL,NULL,NULL,4.629
10882,54,0,3868,NULL,NULL,NULL,NULL,NULL,4.1
10886,9,0,2960,NULL,NULL,NULL,NULL,NULL,4.205
10916,31,0,3839,NULL,NULL,NULL,NULL,NULL,3.66
10928,6,0,3491,NULL,NULL,NULL,NULL,NULL,3.939
11000,13,0,2732,NULL,NULL,NULL,NULL,NULL,3.368
11001,43,0,3698,NULL,NULL,NULL,NULL,NULL,4.098
11434,34,0,1704,NULL,NULL,NULL,NULL,NULL,3.795
11470,34,0,1517,NULL,NULL,NULL,NULL,NULL,5.831
11485,44,0,1367,NULL,NULL,NULL,NULL,NULL,5.167
11490,15,0,1895,NULL,NULL,NULL,NULL,NULL,4.06
11509,15,0,1386,NULL,NULL,NULL,NULL,NULL,4.435
11513,61,0,1071,NULL,NULL,NULL,NULL,NULL,2.62
11572,28,0,1615,NULL,NULL,NULL,NULL,NULL,6.32
11600,36,0,1038,NULL,NULL,NULL,NULL,NULL,1.765
11626,26,0,2245,NULL,NULL,NULL,NULL,NULL,3.969
11635,32,0,2013,NULL,NULL,NULL,NULL,NULL,5.94
11637,59,0,3332,NULL,NULL,NULL,NULL,NULL,4.158
11758,112,0,1600,NULL,NULL,NULL,NULL,NULL,2.609
11762,115,0,1519,NULL,NULL,NULL,NULL,NULL,3.887
11767,34,0,1452,NULL,NULL,NULL,NULL,NULL,4.496
11776,10,0,1287,NULL,NULL,NULL,NULL,NULL,4.052
11782,33,0,1551,NULL,NULL,NULL,NULL,NULL,4.525
11784,35,0,1232,NULL,NULL,NULL,NULL,NULL,4.006
11793,39,0,1032,NULL,NULL,NULL,NULL,NULL,1.027
11874,30,0,1701,NULL,NULL,NULL,NULL,NULL,3.914
11877,66,0,1723,NULL,NULL,NULL,NULL,NULL,3.43
11880,60,0,1650,NULL,NULL,NULL,NULL,NULL,2.914
11913,38,0,1470,NULL,NULL,NULL,NULL,NULL,3.655
11915,32,0,1312,NULL,NULL,NULL,NULL,NULL,4.165
12026,11,0,2232,NULL,NULL,NULL,NULL,NULL,6.998
12030,16,0,1745,NULL,NULL,NULL,NULL,NULL,6.894
12050,23,0,1474,NULL,NULL,NULL,NULL,NULL,8.776
12051,22,0,2205,NULL,NULL,NULL,NULL,NULL,5.002
12055,18,0,2037,NULL,NULL,NULL,NULL,NULL,4.738
12056,28,0,1650,NULL,NULL,NULL,NULL,NULL,7.296
12058,19,0,2152,NULL,NULL,NULL,NULL,NULL,4.948
12060,39,0,1347,NULL,NULL,NULL,NULL,NULL,6.277
12064,28,0,1159,NULL,NULL,NULL,NULL,NULL,8.001
12066,41,0,1975,NULL,NULL,NULL,NULL,NULL,8.783
12081,16,0,1697,NULL,NULL,NULL,NULL,NULL,6.262
12124,32,0,2178,NULL,NULL,NULL,NULL,NULL,4.158
12143,27,0,1025,NULL,NULL,NULL,NULL,NULL,9.102
12146,24,0,1276,NULL,NULL,NULL,NULL,NULL,7.357
12163,37,0,1923,NULL,NULL,NULL,NULL,NULL,5.607
12165,51,0,1409,NULL,NULL,NULL,NULL,NULL,6.908
12169,107,0,2345,NULL,NULL,NULL,NULL,NULL,6.79
12185,31,0,1587,NULL,NULL,NULL,NULL,NULL,4.782
12187,50,0,1800,NULL,NULL,NULL,NULL,NULL,4.938
12192,24,0,1923,NULL,NULL,NULL,NULL,NULL,7.233
12194,40,0,1249,NULL,NULL,NULL,NULL,NULL,8.661
12199,38,0,1617,NULL,NULL,NULL,NULL,NULL,9.173
12201,45,0,1600,NULL,NULL,NULL,NULL,NULL,8.152
12205,6,0,3658,NULL,NULL,NULL,NULL,NULL,3.371
12214,17,0,1436,NULL,NULL,NULL,NULL,NULL,6.429
12218,16,0,1608,NULL,NULL,NULL,NULL,NULL,9.452
12231,17,0,1569,NULL,NULL,NULL,NULL,NULL,9.275
12235,23,0,1353,NULL,NULL,NULL,NULL,NULL,8.757
12237,71,0,1654,NULL,NULL,NULL,NULL,NULL,7.466
12255,13,0,2053,NULL,NULL,NULL,NULL,NULL,10.54
12256,23,0,2242,NULL,NULL,NULL,NULL,NULL,9.99
12262,20,0,2157,NULL,NULL,NULL,NULL,NULL,9.562
12265,42,0,2075,NULL,NULL,NULL,NULL,NULL,8.328
12269,27,0,2046,NULL,NULL,NULL,NULL,NULL,11.798
12272,0,0,134,NULL,NULL,NULL,NULL,NULL,0.672
12276,6,0,125,NULL,NULL,NULL,NULL,NULL,0.316
12291,1,0,0,NULL,NULL,NULL,NULL,NULL,0.333
12303,23,0,116,NULL,NULL,NULL,NULL,NULL,0.066
12348,2,0,0,NULL,NULL,NULL,NULL,NULL,0.256
12355,16,0,0,NULL,NULL,NULL,NULL,NULL,0.399
12362,9,0,158,NULL,NULL,NULL,NULL,NULL,0.586
12370,3,0,163,NULL,NULL,NULL,NULL,NULL,0.465
12379,4,0,99,NULL,NULL,NULL,NULL,NULL,0.302
12411,3,0,200,NULL,NULL,NULL,NULL,NULL,0.376
12415,13,0,213,NULL,NULL,NULL,NULL,NULL,0.348
13077,22,0,0,NULL,NULL,NULL,NULL,NULL,0.642
13082,0,0,41,NULL,NULL,NULL,NULL,NULL,1.324
13095,80,0,270,NULL,NULL,NULL,NULL,NULL,0.709
13098,38,0,132,NULL,NULL,NULL,NULL,NULL,0.637
13100,69,0,143,NULL,NULL,NULL,NULL,NULL,0.777
13102,43,0,178,NULL,NULL,NULL,NULL,NULL,0.78
13108,45,0,616,NULL,NULL,NULL,NULL,NULL,0.99
13109,76,0,0,NULL,NULL,NULL,NULL,NULL,0.618
13114,62,0,10,NULL,NULL,NULL,NULL,NULL,0.571
13115,77,0,0,NULL,NULL,NULL,NULL,NULL,0.656
13117,27,0,0,NULL,NULL,NULL,NULL,NULL,0.619
13123,102,0,539,NULL,NULL,NULL,NULL,NULL,1.238
13141,1,0,438,NULL,NULL,NULL,NULL,NULL,3.502
13145,42,0,314,NULL,NULL,NULL,NULL,NULL,3.214
13221,3,0,327,NULL,NULL,NULL,NULL,NULL,2.769
13225,0,0,350,NULL,NULL,NULL,NULL,NULL,3.18
13227,1,0,264,NULL,NULL,NULL,NULL,NULL,2.836
13231,14,0,347,NULL,NULL,NULL,NULL,NULL,0.673
13235,9,0,362,NULL,NULL,NULL,NULL,NULL,0.916
13240,1,0,345,NULL,NULL,NULL,NULL,NULL,1.309
13434,30,0,337,NULL,NULL,NULL,NULL,NULL,0.945
13459,45,0,450,NULL,NULL,NULL,NULL,NULL,1.225
13462,43,0,432,NULL,NULL,NULL,NULL,NULL,1.017
13513,0,0,177,NULL,NULL,NULL,NULL,NULL,5.468
13517,10,0,155,NULL,NULL,NULL,NULL,NULL,6.659
13521,0,0,238,NULL,NULL,NULL,NULL,NULL,5.387
13550,5,0,173,NULL,NULL,NULL,NULL,NULL,0.722
13553,8,0,125,NULL,NULL,NULL,NULL,NULL,0.796
13576,81,0,103,NULL,NULL,NULL,NULL,NULL,0.737
13577,28,0,114,NULL,NULL,NULL,NULL,NULL,0.865
13581,27,0,211,NULL,NULL,NULL,NULL,NULL,0.776
13591,0,0,96,NULL,NULL,NULL,NULL,NULL,0.692
13623,0,1,134,NULL,NULL,NULL,NULL,NULL,1.043
13625,3,0,84,NULL,NULL,NULL,NULL,NULL,0.882
13640,13,0,95,NULL,NULL,NULL,NULL,NULL,0.86
13642,76,0,99,NULL,NULL,NULL,NULL,NULL,0.728
13646,103,0,277,NULL,NULL,NULL,NULL,NULL,0.822
13649,66,0,382,NULL,NULL,NULL,NULL,NULL,0.835
13651,15,0,159,NULL,NULL,NULL,NULL,NULL,0.73
13655,18,0,439,NULL,NULL,NULL,NULL,NULL,0.561
13657,3,0,546,NULL,NULL,NULL,NULL,NULL,0.654
13663,11,0,332,NULL,NULL,NULL,NULL,NULL,0.814
13665,2,0,322,NULL,NULL,NULL,NULL,NULL,0.677
13672,12,0,285,NULL,NULL,NULL,NULL,NULL,0.761
13673,2,0,234,NULL,NULL,NULL,NULL,NULL,0.781
13679,30,0,275,NULL,NULL,NULL,NULL,NULL,0.768
13683,1,0,198,NULL,NULL,NULL,NULL,NULL,0.72
13706,74,0,123,NULL,NULL,NULL,NULL,NULL,0.683
13711,25,0,177,NULL,NULL,NULL,NULL,NULL,0.716
13742,28,0,194,NULL,NULL,NULL,NULL,NULL,0.913
13770,32,0,65,NULL,NULL,NULL,NULL,NULL,0.638
13783,19,0,144,NULL,NULL,NULL,NULL,NULL,0.716
13795,3,0,292,NULL,NULL,NULL,NULL,NULL,0.674
13797,3,0,239,NULL,NULL,NULL,NULL,NULL,3.567
13804,3,0,271,NULL,NULL,NULL,NULL,NULL,0.777
13925,6,0,314,NULL,NULL,NULL,NULL,NULL,3.907
13992,7,0,320,NULL,NULL,NULL,NULL,NULL,0.635
14052,7,0,73,NULL,NULL,NULL,NULL,NULL,0.731
14055,41,0,65,NULL,NULL,NULL,NULL,NULL,0.71
14057,68,0,139,NULL,NULL,NULL,NULL,NULL,0.676
14059,45,0,134,NULL,NULL,NULL,NULL,NULL,0.827
14061,44,0,21,NULL,NULL,NULL,NULL,NULL,0.749
14064,0,0,0,NULL,NULL,NULL,NULL,NULL,1.483
14187,88,0,88,NULL,NULL,NULL,NULL,NULL,0.59
14190,31,0,63,NULL,NULL,NULL,NULL,NULL,0.632
14193,4,0,72,NULL,NULL,NULL,NULL,NULL,0.775
14194,7,0,101,NULL,NULL,NULL,NULL,NULL,1.525
14276,0,0,123,NULL,NULL,NULL,NULL,NULL,0.834
14279,37,0,89,NULL,NULL,NULL,NULL,NULL,0.647
14592,17,0,589,NULL,NULL,NULL,NULL,NULL,4.879
14697,63,0,154,NULL,NULL,NULL,NULL,NULL,0.791
14700,81,0,90,NULL,NULL,NULL,NULL,NULL,0.838
14777,25,0,54,NULL,NULL,NULL,NULL,NULL,0.78
14830,26,0,102,NULL,NULL,NULL,NULL,NULL,0.85
14832,3,0,107,NULL,NULL,NULL,NULL,NULL,0.924
14834,5,0,111,NULL,NULL,NULL,NULL,NULL,0.775
14837,6,0,164,NULL,NULL,NULL,NULL,NULL,0.766
14840,2,0,101,NULL,NULL,NULL,NULL,NULL,0.631
14845,3,0,193,NULL,NULL,NULL,NULL,NULL,0.349
14862,1,0,77,NULL,NULL,NULL,NULL,NULL,0.586
14864,1,0,0,NULL,NULL,NULL,NULL,NULL,0.712
14866,13,0,0,NULL,NULL,NULL,NULL,NULL,1.904
14870,25,0,44,NULL,NULL,NULL,NULL,NULL,0.678
14873,3,0,57,NULL,NULL,NULL,NULL,NULL,0.635
14912,13,0,0,NULL,NULL,NULL,NULL,NULL,0.475
14913,14,0,0,NULL,NULL,NULL,NULL,NULL,0.873
14916,9,0,0,NULL,NULL,NULL,NULL,NULL,0.573
14919,81,1,0,NULL,NULL,NULL,NULL,NULL,0.684
14923,19,0,0,NULL,NULL,NULL,NULL,NULL,0.595
14927,3,0,0,NULL,NULL,NULL,NULL,NULL,0.44
14928,0,1,0,NULL,NULL,NULL,NULL,NULL,0.813
14932,0,1,0,NULL,NULL,NULL,NULL,NULL,0.773
14936,17,0,0,NULL,NULL,NULL,NULL,NULL,1.088
14949,8,0,47,NULL,NULL,NULL,NULL,NULL,0.728
14950,7,0,0,NULL,NULL,NULL,NULL,NULL,0.783
12281,45,0,NULL,NULL,NULL,NULL,NULL,NULL,6.821
15960,0,0,0,NULL,NULL,NULL,NULL,NULL,0.919
14993,6,0,175,NULL,NULL,NULL,NULL,NULL,0.676
14997,10,0,99,NULL,NULL,NULL,NULL,NULL,0.708
15000,0,0,150,NULL,NULL,NULL,NULL,NULL,0.546
15007,9,0,237,NULL,NULL,NULL,NULL,NULL,0.783
15010,3,0,29,NULL,NULL,NULL,NULL,NULL,0.368
15012,3,0,21,NULL,NULL,NULL,NULL,NULL,0.505
15016,34,0,438,NULL,NULL,NULL,NULL,NULL,0.596
15024,0,0,242,NULL,NULL,NULL,NULL,NULL,0.402
15026,0,0,0,NULL,NULL,NULL,NULL,NULL,0.512
15029,14,0,208,NULL,NULL,NULL,NULL,NULL,0.442
15046,55,0,62,NULL,NULL,NULL,NULL,NULL,0.453
15052,1,0,106,NULL,NULL,NULL,NULL,NULL,0.13
15095,18,0,118,NULL,NULL,NULL,NULL,NULL,0.968
15246,0,0,311,NULL,NULL,NULL,NULL,NULL,0.566
15249,72,0,403,NULL,NULL,NULL,NULL,NULL,0.817
15252,60,0,396,NULL,NULL,NULL,NULL,NULL,1.027
15255,7,0,88,NULL,NULL,NULL,NULL,NULL,0.443
15258,57,0,0,NULL,NULL,NULL,NULL,NULL,14.668
15261,16,0,0,NULL,NULL,NULL,NULL,NULL,14.651
15412,5,0,462,NULL,NULL,NULL,NULL,NULL,4.209
15419,5,0,480,NULL,NULL,NULL,NULL,NULL,4.918
15421,23,0,445,NULL,NULL,NULL,NULL,NULL,4.572
15423,17,0,565,NULL,NULL,NULL,NULL,NULL,4.296
15425,35,0,350,NULL,NULL,NULL,NULL,NULL,3.711
15543,42,0,17,NULL,NULL,NULL,NULL,NULL,0.677
15575,1,0,87,NULL,NULL,NULL,NULL,NULL,0.471
15622,0,0,31,NULL,NULL,NULL,NULL,NULL,0.624
15625,36,0,0,NULL,NULL,NULL,NULL,NULL,0.572
15628,7,0,0,NULL,NULL,NULL,NULL,NULL,0.643
15870,28,0,72,NULL,NULL,NULL,NULL,NULL,0.653
15942,5,0,322,NULL,NULL,NULL,NULL,NULL,0.831
15945,33,0,222,NULL,NULL,NULL,NULL,NULL,0.701
16106,1,0,156,NULL,NULL,NULL,NULL,NULL,0.839
16113,24,0,156,NULL,NULL,NULL,NULL,NULL,0.716
16158,38,1,0,NULL,NULL,NULL,NULL,NULL,7.967
16165,86,0,0,NULL,NULL,NULL,NULL,NULL,7.09
16183,6,0,0,NULL,NULL,NULL,NULL,NULL,5.976
16187,7,0,240,NULL,NULL,NULL,NULL,NULL,0.641
16189,0,0,21,NULL,NULL,NULL,NULL,NULL,0.799
16191,3,0,3,NULL,NULL,NULL,NULL,NULL,0.702
16207,28,0,590,NULL,NULL,NULL,NULL,NULL,0.814
16209,10,0,98,NULL,NULL,NULL,NULL,NULL,0.728
16213,10,0,0,NULL,NULL,NULL,NULL,NULL,0.85
16219,6,0,0,NULL,NULL,NULL,NULL,NULL,0.985
16229,18,0,0,NULL,NULL,NULL,NULL,NULL,0.809
16230,16,0,0,NULL,NULL,NULL,NULL,NULL,0.796
16233,9,0,0,NULL,NULL,NULL,NULL,NULL,0.842
16234,28,0,0,NULL,NULL,NULL,NULL,NULL,0.891
16239,19,0,0,NULL,NULL,NULL,NULL,NULL,0.773
16242,18,0,0,NULL,NULL,NULL,NULL,NULL,0.857
16261,5,0,0,NULL,NULL,NULL,NULL,NULL,0.863
16264,24,0,0,NULL,NULL,NULL,NULL,NULL,0.785
16272,19,0,0,NULL,NULL,NULL,NULL,NULL,5.97
16275,5,0,244,NULL,NULL,NULL,NULL,NULL,6.93
16277,0,0,224,NULL,NULL,NULL,NULL,NULL,0.808
16280,8,0,321,NULL,NULL,NULL,NULL,NULL,0.807
16283,10,0,292,NULL,NULL,NULL,NULL,NULL,0.764
16286,43,0,450,NULL,NULL,NULL,NULL,NULL,0.793
16289,13,0,412,NULL,NULL,NULL,NULL,NULL,0.759
16293,56,0,382,NULL,NULL,NULL,NULL,NULL,0.956
16296,2,0,33,NULL,NULL,NULL,NULL,NULL,0.937
16299,35,0,229,NULL,NULL,NULL,NULL,NULL,0.906
16303,0,0,110,NULL,NULL,NULL,NULL,NULL,0.778
16305,10,0,166,NULL,NULL,NULL,NULL,NULL,0.734
16308,5,0,151,NULL,NULL,NULL,NULL,NULL,0.819
16316,0,0,322,NULL,NULL,NULL,NULL,NULL,0.774
16327,24,0,343,NULL,NULL,NULL,NULL,NULL,0.745
16350,0,0,325,NULL,NULL,NULL,NULL,NULL,0.945
16351,11,0,88,NULL,NULL,NULL,NULL,NULL,2.727
16359,7,0,411,NULL,NULL,NULL,NULL,NULL,0.926
16383,21,0,246,NULL,NULL,NULL,NULL,NULL,3.672
16386,22,1,172,NULL,NULL,NULL,NULL,NULL,1.014
16426,3,0,158,NULL,NULL,NULL,NULL,NULL,0.786
16694,21,0,2831,NULL,NULL,NULL,NULL,NULL,1.786
16695,20,0,2798,NULL,NULL,NULL,NULL,NULL,9.996
16698,12,0,3002,NULL,NULL,NULL,NULL,NULL,1.632
16699,15,0,3219,NULL,NULL,NULL,NULL,NULL,9.735
16701,10,0,2496,NULL,NULL,NULL,NULL,NULL,9.08
16886,25,0,3812,NULL,NULL,NULL,NULL,NULL,1.564
16892,14,0,3833,NULL,NULL,NULL,NULL,NULL,1.333
16983,18,0,2986,NULL,NULL,NULL,NULL,NULL,7.513
17054,31,0,2202,NULL,NULL,NULL,NULL,NULL,1.667
17057,26,2,1661,NULL,NULL,NULL,NULL,NULL,1.378
17060,80,1,2354,NULL,NULL,NULL,NULL,NULL,1.506
17065,33,0,2106,NULL,NULL,NULL,NULL,NULL,1.611
17111,0,0,3067,NULL,NULL,NULL,NULL,NULL,5.124
17197,65,0,3744,NULL,NULL,NULL,NULL,NULL,10.372
17200,35,0,3610,NULL,NULL,NULL,NULL,NULL,10.615
17203,59,0,4502,NULL,NULL,NULL,NULL,NULL,9.352
17206,36,0,3553,NULL,NULL,NULL,NULL,NULL,10.668
17209,0,0,4013,NULL,NULL,NULL,NULL,NULL,10.552
17243,0,0,2107,NULL,NULL,NULL,NULL,NULL,1.461
17245,0,2,2545,NULL,NULL,NULL,NULL,NULL,9.533
17247,26,0,2599,NULL,NULL,NULL,NULL,NULL,1.801
17251,5,0,1898,NULL,NULL,NULL,NULL,NULL,8.178
17255,0,2,1818,NULL,NULL,NULL,NULL,NULL,8.084
17272,14,0,2147,NULL,NULL,NULL,NULL,NULL,1.874
17350,12,0,2005,NULL,NULL,NULL,NULL,NULL,1.75
17355,4,0,2119,NULL,NULL,NULL,NULL,NULL,1.861
17393,17,0,2008,NULL,NULL,NULL,NULL,NULL,1.732
17418,0,1,1827,NULL,NULL,NULL,NULL,NULL,1.447
17467,1,0,1799,NULL,NULL,NULL,NULL,NULL,1.361
17474,15,0,2194,NULL,NULL,NULL,NULL,NULL,1.523
17475,7,0,1679,NULL,NULL,NULL,NULL,NULL,1.393
17479,10,0,2180,NULL,NULL,NULL,NULL,NULL,1.33
17482,7,0,1622,NULL,NULL,NULL,NULL,NULL,1.257
17487,1,0,1413,NULL,NULL,NULL,NULL,NULL,1.45
17492,1,0,1657,NULL,NULL,NULL,NULL,NULL,1.359
17497,22,1,2149,NULL,NULL,NULL,NULL,NULL,1.654
17499,14,0,2211,NULL,NULL,NULL,NULL,NULL,1.624
17501,23,0,2405,NULL,NULL,NULL,NULL,NULL,1.714
17506,28,0,2223,NULL,NULL,NULL,NULL,NULL,1.591
17510,23,0,2080,NULL,NULL,NULL,NULL,NULL,1.741
17512,22,0,2461,NULL,NULL,NULL,NULL,NULL,1.631
17517,18,0,2199,NULL,NULL,NULL,NULL,NULL,1.597
17518,14,0,2210,NULL,NULL,NULL,NULL,NULL,1.58
17525,12,2,2522,NULL,NULL,NULL,NULL,NULL,2.039
17529,27,0,2088,NULL,NULL,NULL,NULL,NULL,1.787
17530,32,0,2368,NULL,NULL,NULL,NULL,NULL,1.822
17535,12,1,2215,NULL,NULL,NULL,NULL,NULL,1.829
17536,1,2,2745,NULL,NULL,NULL,NULL,NULL,1.619
17539,35,0,2949,NULL,NULL,NULL,NULL,NULL,1.738
17558,56,1,1958,NULL,NULL,NULL,NULL,NULL,1.554
17560,24,4,1990,NULL,NULL,NULL,NULL,NULL,1.734
17577,62,0,2407,NULL,NULL,NULL,NULL,NULL,1.73
17580,30,2,1829,NULL,NULL,NULL,NULL,NULL,1.784
17610,44,2,1785,NULL,NULL,NULL,NULL,NULL,1.623
17613,24,1,2103,NULL,NULL,NULL,NULL,NULL,1.757
17639,67,1,1956,NULL,NULL,NULL,NULL,NULL,1.845
17644,34,2,1571,NULL,NULL,NULL,NULL,NULL,1.701
17648,79,0,2428,NULL,NULL,NULL,NULL,NULL,1.736
17664,10,0,2317,NULL,NULL,NULL,NULL,NULL,1.704
17667,0,0,2374,NULL,NULL,NULL,NULL,NULL,1.829
17689,32,0,2586,NULL,NULL,NULL,NULL,NULL,1.939
17692,5,0,2744,NULL,NULL,NULL,NULL,NULL,1.966
17695,2,0,2655,NULL,NULL,NULL,NULL,NULL,1.829
17698,0,0,2667,NULL,NULL,NULL,NULL,NULL,1.901
17701,23,0,1723,NULL,NULL,NULL,NULL,NULL,1.657
17706,11,0,2171,NULL,NULL,NULL,NULL,NULL,2.151
17710,2,0,1834,NULL,NULL,NULL,NULL,NULL,1.838
17715,1,0,2092,NULL,NULL,NULL,NULL,NULL,1.805
17722,44,0,2647,NULL,NULL,NULL,NULL,NULL,2.061
17724,5,0,2885,NULL,NULL,NULL,NULL,NULL,2.043
17957,35,0,2658,NULL,NULL,NULL,NULL,NULL,1.453
17965,25,0,2233,NULL,NULL,NULL,NULL,NULL,1.391
17968,39,0,2550,NULL,NULL,NULL,NULL,NULL,1.571
17971,81,0,2453,NULL,NULL,NULL,NULL,NULL,1.568
17973,33,0,2187,NULL,NULL,NULL,NULL,NULL,1.489
17976,50,0,2368,NULL,NULL,NULL,NULL,NULL,1.674
18235,2,0,3196,NULL,NULL,NULL,NULL,NULL,1.849
18242,26,0,2782,NULL,NULL,NULL,NULL,NULL,1.712
18247,46,0,3608,NULL,NULL,NULL,NULL,NULL,1.587
18250,17,0,2821,NULL,NULL,NULL,NULL,NULL,1.637
18369,19,0,3292,NULL,NULL,NULL,NULL,NULL,1.66
18371,7,0,3787,NULL,NULL,NULL,NULL,NULL,1.497
18375,20,1,3669,NULL,NULL,NULL,NULL,NULL,1.761
18491,12,1,2641,NULL,NULL,NULL,NULL,NULL,1.703
18494,57,1,3456,NULL,NULL,NULL,NULL,NULL,1.935
18497,15,1,2868,NULL,NULL,NULL,NULL,NULL,1.864
18653,9,0,2545,NULL,NULL,NULL,NULL,NULL,6.273
18667,9,0,2066,NULL,NULL,NULL,NULL,NULL,1.477
18670,9,0,2761,NULL,NULL,NULL,NULL,NULL,1.839
18776,4,1,4399,NULL,NULL,NULL,NULL,NULL,1.107
18798,13,0,3407,NULL,NULL,NULL,NULL,NULL,1.568
18799,8,1,3877,NULL,NULL,NULL,NULL,NULL,11.379
18803,9,2,4203,NULL,NULL,NULL,NULL,NULL,1.692
18844,20,1,3996,NULL,NULL,NULL,NULL,NULL,12.201
18858,29,3,4126,NULL,NULL,NULL,NULL,NULL,1.518
18902,15,0,3292,NULL,NULL,NULL,NULL,NULL,1.561
18906,3,0,3690,NULL,NULL,NULL,NULL,NULL,1.447
18909,20,1,4310,NULL,NULL,NULL,NULL,NULL,1.345
18913,18,0,3992,NULL,NULL,NULL,NULL,NULL,1.195
18924,33,1,4392,NULL,NULL,NULL,NULL,NULL,1.325
18926,73,0,3747,NULL,NULL,NULL,NULL,NULL,1.723
18938,38,0,3621,NULL,NULL,NULL,NULL,NULL,12.257
18949,0,1,3959,NULL,NULL,NULL,NULL,NULL,1.577
18951,54,0,4024,NULL,NULL,NULL,NULL,NULL,1.713
18954,27,0,3694,NULL,NULL,NULL,NULL,NULL,1.785
18959,27,0,3260,NULL,NULL,NULL,NULL,NULL,1.294
18960,51,0,3730,NULL,NULL,NULL,NULL,NULL,1.751
18962,28,0,3430,NULL,NULL,NULL,NULL,NULL,1.588
18983,61,0,3674,NULL,NULL,NULL,NULL,NULL,1.417
18984,10,0,3126,NULL,NULL,NULL,NULL,NULL,1.534
18989,16,0,3611,NULL,NULL,NULL,NULL,NULL,1.632
18990,28,0,3634,NULL,NULL,NULL,NULL,NULL,1.477
18997,17,0,3389,NULL,NULL,NULL,NULL,NULL,1.479
18998,0,1,4069,NULL,NULL,NULL,NULL,NULL,1.724
19001,18,0,3149,NULL,NULL,NULL,NULL,NULL,1.531
19005,7,1,3661,NULL,NULL,NULL,NULL,NULL,1.494
19011,34,0,3742,NULL,NULL,NULL,NULL,NULL,1.374
19059,56,0,3573,NULL,NULL,NULL,NULL,NULL,1.513
19060,6,0,3359,NULL,NULL,NULL,NULL,NULL,1.388
19063,2,0,3692,NULL,NULL,NULL,NULL,NULL,1.508
19068,21,0,3008,NULL,NULL,NULL,NULL,NULL,1.592
19069,5,0,3588,NULL,NULL,NULL,NULL,NULL,1.486
19070,0,0,3650,NULL,NULL,NULL,NULL,NULL,7.465
19071,3,0,3253,NULL,NULL,NULL,NULL,NULL,7.416
19074,0,0,3586,NULL,NULL,NULL,NULL,NULL,16.251
19075,0,0,3338,NULL,NULL,NULL,NULL,NULL,12.588
19078,20,0,3504,NULL,NULL,NULL,NULL,NULL,14.564
19121,36,0,3512,NULL,NULL,NULL,NULL,NULL,1.496
19124,6,0,3177,NULL,NULL,NULL,NULL,NULL,1.419
19128,5,0,3732,NULL,NULL,NULL,NULL,NULL,1.509
19130,2,0,3206,NULL,NULL,NULL,NULL,NULL,1.39
19140,2,0,3684,NULL,NULL,NULL,NULL,NULL,1.615
19180,0,0,3270,NULL,NULL,NULL,NULL,NULL,1.802
19186,0,0,2698,NULL,NULL,NULL,NULL,NULL,1.753
19321,52,0,2706,NULL,NULL,NULL,NULL,NULL,1.764
19324,9,0,2578,NULL,NULL,NULL,NULL,NULL,1.54
19327,5,0,2547,NULL,NULL,NULL,NULL,NULL,1.457
19404,0,0,3930,NULL,NULL,NULL,NULL,NULL,1.464
19407,25,0,3882,NULL,NULL,NULL,NULL,NULL,1.442
19410,7,0,4124,NULL,NULL,NULL,NULL,NULL,1.311
19413,21,0,4424,NULL,NULL,NULL,NULL,NULL,1.997
19579,14,0,3212,NULL,NULL,NULL,NULL,NULL,1.174
19582,29,0,3784,NULL,NULL,NULL,NULL,NULL,4.932
19585,5,0,3230,NULL,NULL,NULL,NULL,NULL,1.267
19588,18,0,3216,NULL,NULL,NULL,NULL,NULL,1.504
19591,0,0,2963,NULL,NULL,NULL,NULL,NULL,10.23
19594,11,0,3715,NULL,NULL,NULL,NULL,NULL,8.992
19597,2,0,2933,NULL,NULL,NULL,NULL,NULL,1.514
19769,14,0,3418,NULL,NULL,NULL,NULL,NULL,1.556
19772,59,0,3403,NULL,NULL,NULL,NULL,NULL,1.457
19776,52,0,3534,NULL,NULL,NULL,NULL,NULL,1.504
19831,16,1,2210,NULL,NULL,NULL,NULL,NULL,1.525
19833,5,0,2368,NULL,NULL,NULL,NULL,NULL,1.415
19842,6,0,2582,NULL,NULL,NULL,NULL,NULL,1.732
19951,2,0,2648,NULL,NULL,NULL,NULL,NULL,12.123
19955,7,0,2704,NULL,NULL,NULL,NULL,NULL,2.068
19958,0,0,3142,NULL,NULL,NULL,NULL,NULL,11.313
19960,25,0,3089,NULL,NULL,NULL,NULL,NULL,2.388
19963,9,0,2575,NULL,NULL,NULL,NULL,NULL,2.5
19966,32,0,3498,NULL,NULL,NULL,NULL,NULL,2.26
20132,6,0,3810,NULL,NULL,NULL,NULL,NULL,11.497
20141,6,0,2570,NULL,NULL,NULL,NULL,NULL,1.885
20152,18,0,2582,NULL,NULL,NULL,NULL,NULL,1.762
20154,5,0,2817,NULL,NULL,NULL,NULL,NULL,1.664
20164,15,0,2562,NULL,NULL,NULL,NULL,NULL,1.921
20170,11,0,2480,NULL,NULL,NULL,NULL,NULL,1.809
20176,8,0,2771,NULL,NULL,NULL,NULL,NULL,13.611
20192,0,0,2299,NULL,NULL,NULL,NULL,NULL,7.901
20195,0,0,2274,NULL,NULL,NULL,NULL,NULL,1.734
20199,1,0,2464,NULL,NULL,NULL,NULL,NULL,1.67
20200,0,0,2538,NULL,NULL,NULL,NULL,NULL,1.825
20206,0,0,2674,NULL,NULL,NULL,NULL,NULL,1.715
20209,2,0,2867,NULL,NULL,NULL,NULL,NULL,1.7
20219,0,0,2399,NULL,NULL,NULL,NULL,NULL,1.562
20223,26,0,2735,NULL,NULL,NULL,NULL,NULL,1.924
20226,1,0,2686,NULL,NULL,NULL,NULL,NULL,1.736
20230,1,0,2556,NULL,NULL,NULL,NULL,NULL,1.708
20234,26,0,2924,NULL,NULL,NULL,NULL,NULL,1.827
20237,33,0,3322,NULL,NULL,NULL,NULL,NULL,2.195
20241,17,0,3438,NULL,NULL,NULL,NULL,NULL,1.49
20242,12,0,2564,NULL,NULL,NULL,NULL,NULL,1.758
20245,30,0,3144,NULL,NULL,NULL,NULL,NULL,1.713
20251,5,0,3230,NULL,NULL,NULL,NULL,NULL,1.71
20284,18,0,2958,NULL,NULL,NULL,NULL,NULL,1.689
20322,35,0,2655,NULL,NULL,NULL,NULL,NULL,1.508
20327,11,0,2780,NULL,NULL,NULL,NULL,NULL,10.495
20332,41,0,2742,NULL,NULL,NULL,NULL,NULL,1.499
20335,15,0,2588,NULL,NULL,NULL,NULL,NULL,1.364
20336,12,0,3492,NULL,NULL,NULL,NULL,NULL,1.345
20344,0,0,3517,NULL,NULL,NULL,NULL,NULL,1.55
20436,37,0,2630,NULL,NULL,NULL,NULL,NULL,1.796
20441,30,0,2297,NULL,NULL,NULL,NULL,NULL,1.834
20455,37,0,2816,NULL,NULL,NULL,NULL,NULL,1.748
20458,30,0,2967,NULL,NULL,NULL,NULL,NULL,1.872
20468,11,0,2887,NULL,NULL,NULL,NULL,NULL,2.032
20499,8,0,2787,NULL,NULL,NULL,NULL,NULL,1.75
20606,0,0,3072,NULL,NULL,NULL,NULL,NULL,1.608
20608,0,0,2501,NULL,NULL,NULL,NULL,NULL,1.944
20613,16,0,2510,NULL,NULL,NULL,NULL,NULL,1.064
20858,12,0,2560,NULL,NULL,NULL,NULL,NULL,1.693
20861,38,0,2640,NULL,NULL,NULL,NULL,NULL,1.447
20863,21,0,3275,NULL,NULL,NULL,NULL,NULL,1.525
20865,14,0,2761,NULL,NULL,NULL,NULL,NULL,1.747
20868,14,0,3229,NULL,NULL,NULL,NULL,NULL,1.55
20870,55,0,3652,NULL,NULL,NULL,NULL,NULL,1.486
20872,17,0,4146,NULL,NULL,NULL,NULL,NULL,1.632
20874,12,0,3178,NULL,NULL,NULL,NULL,NULL,1.595
20877,9,0,2471,NULL,NULL,NULL,NULL,NULL,1.671
20880,85,0,3376,NULL,NULL,NULL,NULL,NULL,1.711
20883,20,0,2494,NULL,NULL,NULL,NULL,NULL,1.771
20886,28,1,3853,NULL,NULL,NULL,NULL,NULL,2.357
20996,25,0,3491,NULL,NULL,NULL,NULL,NULL,1.712
20997,0,2,3692,NULL,NULL,NULL,NULL,NULL,1.86
20999,3,0,1421,NULL,NULL,NULL,NULL,NULL,0.131
21096,0,2,2918,NULL,NULL,NULL,NULL,NULL,2.074
21097,21,0,3622,NULL,NULL,NULL,NULL,NULL,1.838
21100,73,0,2867,NULL,NULL,NULL,NULL,NULL,1.878
21104,26,0,2265,NULL,NULL,NULL,NULL,NULL,1.795
21107,40,0,2565,NULL,NULL,NULL,NULL,NULL,1.704
21110,4,0,3520,NULL,NULL,NULL,NULL,NULL,2.114
21111,61,0,3039,NULL,NULL,NULL,NULL,NULL,1.935
21114,7,0,2929,NULL,NULL,NULL,NULL,NULL,1.75
21162,13,0,2517,NULL,NULL,NULL,NULL,NULL,1.818
21168,9,0,2363,NULL,NULL,NULL,NULL,NULL,1.48
21173,2,0,3118,NULL,NULL,NULL,NULL,NULL,1.802
21414,NULL,NULL,NULL,NULL,NULL,NULL,NULL,NULL,NULL
6907,54,0,1776,NULL,NULL,NULL,100,NULL,3.657
7050,39,0,3235,NULL,NULL,NULL,100,NULL,5.959
7250,40,0,2723,NULL,NULL,NULL,100,NULL,31.868
7936,42,0,1858,NULL,NULL,NULL,100,NULL,21.697
8397,66,0,200,NULL,NULL,NULL,100,NULL,3.022
9327,45,0,2219,NULL,NULL,NULL,100,NULL,7.982
9527,53,0,224,NULL,NULL,NULL,100,NULL,2.174
9998,44,0,436,NULL,NULL,NULL,100,NULL,2.163
10759,40,0,371,NULL,NULL,NULL,100,NULL,9.189
14349,64,0,NULL,NULL,NULL,NULL,NULL,23,2.505
14350,75,0,NULL,NULL,NULL,NULL,NULL,61,6.082
14355,62,0,NULL,NULL,NULL,NULL,NULL,15,0.428
14357,81,0,NULL,NULL,NULL,NULL,NULL,69,3.706
14400,69,0,NULL,NULL,NULL,NULL,NULL,16,2.027
14401,68,0,NULL,NULL,NULL,NULL,NULL,17,0.719
14475,42,0,NULL,NULL,NULL,NULL,NULL,55,1.726
14476,33,0,NULL,NULL,NULL,NULL,NULL,25,3.424
14484,70,0,NULL,NULL,NULL,NULL,NULL,80,0.695
14550,74,0,NULL,NULL,NULL,NULL,NULL,13,0.526
14551,66,0,NULL,NULL,NULL,NULL,NULL,64,1.977
14558,68,0,NULL,NULL,NULL,NULL,NULL,12,0.837
14559,77,0,NULL,NULL,NULL,NULL,NULL,69,3.391
14560,64,0,NULL,NULL,NULL,NULL,NULL,25,5.033
14581,74,0,NULL,NULL,NULL,NULL,NULL,62,0.119
14582,62,0,NULL,NULL,NULL,NULL,NULL,17,0.75
14600,71,0,NULL,NULL,NULL,NULL,NULL,16,5.237
14626,75,0,NULL,NULL,NULL,NULL,NULL,53,0.604
14627,68,0,NULL,NULL,NULL,NULL,NULL,16,1.529
14630,81,0,NULL,NULL,NULL,NULL,NULL,12,2.293
14631,73,0,NULL,NULL,NULL,NULL,NULL,59,1.566
14634,83,0,NULL,NULL,NULL,NULL,NULL,29,1.121
14643,77,0,NULL,NULL,NULL,NULL,NULL,0,0.545
14644,77,0,NULL,NULL,NULL,NULL,NULL,57,2.416
14660,76,0,NULL,NULL,NULL,NULL,NULL,45,5.152
14661,67,0,NULL,NULL,NULL,NULL,NULL,15,2.627
14716,78,0,NULL,NULL,NULL,NULL,NULL,63,6.849
14717,66,0,NULL,NULL,NULL,NULL,NULL,23,5.631
14795,72,0,NULL,NULL,NULL,NULL,NULL,15,2.212
14796,81,0,NULL,NULL,NULL,NULL,NULL,59,0.225
14887,78,0,NULL,NULL,NULL,NULL,NULL,0,0.794
14888,67,0,NULL,NULL,NULL,NULL,NULL,57,1.301
14892,67,0,NULL,NULL,NULL,NULL,NULL,47,1.507
14893,77,0,NULL,NULL,NULL,NULL,NULL,0,1.945
14894,67,0,NULL,NULL,NULL,NULL,NULL,53,2.003
14895,77,0,NULL,NULL,NULL,NULL,NULL,0,2.44
14976,65,0,NULL,NULL,NULL,NULL,NULL,20,3.892
14977,73,0,NULL,NULL,NULL,NULL,NULL,37,3.517
14982,67,0,NULL,NULL,NULL,NULL,NULL,20,2.949
14983,74,0,NULL,NULL,NULL,NULL,NULL,37,2.428
14984,66,0,NULL,NULL,NULL,NULL,NULL,21,2.553
14990,51,0,NULL,NULL,NULL,NULL,NULL,19,3.312
14991,72,0,NULL,NULL,NULL,NULL,NULL,41,0.958
15020,46,0,NULL,NULL,NULL,NULL,NULL,11,2.075
15021,79,0,NULL,NULL,NULL,NULL,NULL,51,0.408
15125,68,0,NULL,NULL,NULL,NULL,NULL,58,3.115
15126,65,0,NULL,NULL,NULL,NULL,NULL,16,0.08
15149,66,0,NULL,NULL,NULL,NULL,NULL,21,2.465
15150,70,0,NULL,NULL,NULL,NULL,NULL,42,0.132
15193,77,0,NULL,NULL,NULL,NULL,NULL,61,1.407
15194,79,0,NULL,NULL,NULL,NULL,NULL,0,0.634
15229,74,0,NULL,NULL,NULL,NULL,NULL,60,0.137
15230,63,0,NULL,NULL,NULL,NULL,NULL,17,0.093
15233,78,0,NULL,NULL,NULL,NULL,NULL,66,0.363
15234,65,0,NULL,NULL,NULL,NULL,NULL,17,0.083
15239,69,0,NULL,NULL,NULL,NULL,NULL,59,2.409
15240,80,0,NULL,NULL,NULL,NULL,NULL,0,1.938
15316,82,0,NULL,NULL,NULL,NULL,NULL,40,1.803
15333,51,0,NULL,NULL,NULL,NULL,NULL,55,3.14
15334,75,0,NULL,NULL,NULL,NULL,NULL,0,2.833
15371,78,0,NULL,NULL,NULL,NULL,NULL,57,0.745
15372,80,0,NULL,NULL,NULL,NULL,NULL,0,2.398
15381,80,0,NULL,NULL,NULL,NULL,NULL,59,0.387
15382,82,0,NULL,NULL,NULL,NULL,NULL,0,3.397
15383,78,0,NULL,NULL,NULL,NULL,NULL,68,0.144
15384,78,0,NULL,NULL,NULL,NULL,NULL,0,3.119
15400,72,0,NULL,NULL,NULL,NULL,NULL,12,1.111
15401,71,0,NULL,NULL,NULL,NULL,NULL,53,0.034
15402,65,0,NULL,NULL,NULL,NULL,NULL,23,3.833
15461,63,0,NULL,NULL,NULL,NULL,NULL,13,5.255
15510,74,0,NULL,NULL,NULL,NULL,NULL,56,0.881
15511,73,0,NULL,NULL,NULL,NULL,NULL,11,0.902
15525,71,0,NULL,NULL,NULL,NULL,NULL,49,0.096
15527,75,0,NULL,NULL,NULL,NULL,NULL,67,0.247
15528,68,0,NULL,NULL,NULL,NULL,NULL,17,0.937
15529,70,0,NULL,NULL,NULL,NULL,NULL,55,2.978
15585,73,0,NULL,NULL,NULL,NULL,NULL,15,0.919
15586,79,0,NULL,NULL,NULL,NULL,NULL,54,1.11
15593,65,0,NULL,NULL,NULL,NULL,NULL,18,0.185
15594,71,0,NULL,NULL,NULL,NULL,NULL,59,5.03
15649,77,0,NULL,NULL,NULL,NULL,NULL,70,0.472
15650,67,0,NULL,NULL,NULL,NULL,NULL,0,4.421
15651,68,0,NULL,NULL,NULL,NULL,NULL,67,0.463
15652,62,0,NULL,NULL,NULL,NULL,NULL,0,4.223
15657,75,0,NULL,NULL,NULL,NULL,NULL,55,0.129
15658,76,0,NULL,NULL,NULL,NULL,NULL,0,4.974
15659,69,0,NULL,NULL,NULL,NULL,NULL,61,5.379
15673,64,0,NULL,NULL,NULL,NULL,NULL,56,5.169
15706,62,0,NULL,NULL,NULL,NULL,NULL,22,1.538
15723,70,0,NULL,NULL,NULL,NULL,NULL,37,1.012
15724,67,0,NULL,NULL,NULL,NULL,NULL,21,3.797
15725,68,0,NULL,NULL,NULL,NULL,NULL,46,0.777
15726,66,0,NULL,NULL,NULL,NULL,NULL,20,4.175
15852,68,0,NULL,NULL,NULL,NULL,NULL,83,2.537
15857,71,0,NULL,NULL,NULL,NULL,NULL,0,4.344
15858,70,0,NULL,NULL,NULL,NULL,NULL,60,7.12
15861,64,0,NULL,NULL,NULL,NULL,NULL,56,4.597
15862,68,0,NULL,NULL,NULL,NULL,NULL,0,4.011
15887,82,0,NULL,NULL,NULL,NULL,NULL,55,0.587
15888,48,0,NULL,NULL,NULL,NULL,NULL,13,1.017
15889,92,0,NULL,NULL,NULL,NULL,NULL,54,0.921
15909,28,0,NULL,NULL,NULL,NULL,NULL,40,0.095
15994,71,0,NULL,NULL,NULL,NULL,NULL,73,0.481
16024,66,0,NULL,NULL,NULL,NULL,NULL,84,1.446
16025,71,0,NULL,NULL,NULL,NULL,NULL,25,6.261
16033,70,0,NULL,NULL,NULL,NULL,NULL,26,5.162
16034,72,0,NULL,NULL,NULL,NULL,NULL,87,5.625
16035,71,0,NULL,NULL,NULL,NULL,NULL,27,0.049
16036,67,0,NULL,NULL,NULL,NULL,NULL,84,0.121
16071,78,0,NULL,NULL,NULL,NULL,NULL,0,3.843
16072,74,0,NULL,NULL,NULL,NULL,NULL,59,0.187
16130,67,0,NULL,NULL,NULL,NULL,NULL,15,2.243
16131,74,0,NULL,NULL,NULL,NULL,NULL,27,0.994
16134,68,0,NULL,NULL,NULL,NULL,NULL,15,3.693
16135,71,0,NULL,NULL,NULL,NULL,NULL,34,0.595
16138,65,0,NULL,NULL,NULL,NULL,NULL,17,4.731
16139,72,0,NULL,NULL,NULL,NULL,NULL,26,0.046
16250,66,0,NULL,NULL,NULL,NULL,NULL,14,0.451
16251,75,0,NULL,NULL,NULL,NULL,NULL,63,0.34
16252,77,0,NULL,NULL,NULL,NULL,NULL,0,3.607
16342,71,0,NULL,NULL,NULL,NULL,NULL,60,1.693
16343,52,0,NULL,NULL,NULL,NULL,NULL,55,1.322
16344,68,0,NULL,NULL,NULL,NULL,NULL,13,1.822
16399,67,0,NULL,NULL,NULL,NULL,NULL,11,3.221
16400,76,0,NULL,NULL,NULL,NULL,NULL,59,1.385
16401,67,0,NULL,NULL,NULL,NULL,NULL,13,2.433
16408,78,0,NULL,NULL,NULL,NULL,NULL,0,2.223
16479,66,0,NULL,NULL,NULL,NULL,NULL,16,3.376
16480,29,0,NULL,NULL,NULL,NULL,NULL,30,0.321
16481,67,0,NULL,NULL,NULL,NULL,NULL,16,3.554
16514,77,0,NULL,NULL,NULL,NULL,NULL,38,4.591
16515,66,0,NULL,NULL,NULL,NULL,NULL,16,4.514
16573,66,0,NULL,NULL,NULL,NULL,NULL,15,2.38
16574,73,0,NULL,NULL,NULL,NULL,NULL,32,2.353
16621,64,0,NULL,NULL,NULL,NULL,NULL,15,0.134
16622,75,0,NULL,NULL,NULL,NULL,NULL,59,0.068
16662,64,0,NULL,NULL,NULL,NULL,NULL,0,2.711
16774,83,0,NULL,NULL,NULL,NULL,NULL,0,1.302
16775,83,0,NULL,NULL,NULL,NULL,NULL,68,2.439
16776,82,0,NULL,NULL,NULL,NULL,NULL,0,0.701
16781,72,0,NULL,NULL,NULL,NULL,NULL,62,0.398
16782,80,0,NULL,NULL,NULL,NULL,NULL,0,2.302
16806,63,0,NULL,NULL,NULL,NULL,NULL,0,0.874
16814,81,0,NULL,NULL,NULL,NULL,NULL,0,2.43
16816,78,0,NULL,NULL,NULL,NULL,NULL,0,2.062
16817,71,0,NULL,NULL,NULL,NULL,NULL,31,1.141
16818,78,0,NULL,NULL,NULL,NULL,NULL,0,2.083
16845,102,0,NULL,NULL,NULL,NULL,NULL,0,2.112
16846,93,0,NULL,NULL,NULL,NULL,NULL,24,2.043
16847,101,0,NULL,NULL,NULL,NULL,NULL,0,2.069
16909,65,0,NULL,NULL,NULL,NULL,NULL,16,3.758
16910,72,0,NULL,NULL,NULL,NULL,NULL,31,0.06
16913,66,0,NULL,NULL,NULL,NULL,NULL,17,5.019
16914,71,0,NULL,NULL,NULL,NULL,NULL,31,0.504
16944,84,0,NULL,NULL,NULL,NULL,NULL,25,1.792
16971,59,0,NULL,NULL,NULL,NULL,NULL,91,2.069
17016,75,0,NULL,NULL,NULL,NULL,NULL,0,2.312
17017,71,0,NULL,NULL,NULL,NULL,NULL,94,0.961
17018,72,0,NULL,NULL,NULL,NULL,NULL,0,1.776
17019,70,0,NULL,NULL,NULL,NULL,NULL,94,0.897
17029,74,0,NULL,NULL,NULL,NULL,NULL,82,2.466
17030,62,0,NULL,NULL,NULL,NULL,NULL,58,0.802
17037,80,0,NULL,NULL,NULL,NULL,NULL,0,1.199
17038,75,0,NULL,NULL,NULL,NULL,NULL,92,1.982
17182,58,0,NULL,NULL,NULL,NULL,NULL,21,0.58
17222,68,0,NULL,NULL,NULL,NULL,NULL,0,2.51
17223,65,0,NULL,NULL,NULL,NULL,NULL,66,0.469
17224,81,0,NULL,NULL,NULL,NULL,NULL,0,1.062
17225,66,0,NULL,NULL,NULL,NULL,NULL,65,1.636
17265,74,0,NULL,NULL,NULL,NULL,NULL,33,0.766
17266,80,0,NULL,NULL,NULL,NULL,NULL,0,0.615
17269,76,0,NULL,NULL,NULL,NULL,NULL,42,3.941
17270,56,0,NULL,NULL,NULL,NULL,NULL,14,3.46
17271,64,0,NULL,NULL,NULL,NULL,NULL,14,5.045
17293,66,0,NULL,NULL,NULL,NULL,NULL,13,0.825
17294,60,0,NULL,NULL,NULL,NULL,NULL,69,4.702
17295,63,0,NULL,NULL,NULL,NULL,NULL,14,0.466
17305,73,0,NULL,NULL,NULL,NULL,NULL,67,3.405
17306,77,0,NULL,NULL,NULL,NULL,NULL,0,2.752
17317,73,0,NULL,NULL,NULL,NULL,NULL,68,3.794
17318,64,0,NULL,NULL,NULL,NULL,NULL,14,1.016
17571,57,0,NULL,NULL,NULL,NULL,NULL,51,4.194
17583,78,0,NULL,NULL,NULL,NULL,NULL,0,1.146
17584,75,0,NULL,NULL,NULL,NULL,NULL,35,1.582
17590,73,0,NULL,NULL,NULL,NULL,NULL,36,1.104
17591,79,0,NULL,NULL,NULL,NULL,NULL,30,5.249
17626,66,0,NULL,NULL,NULL,NULL,NULL,11,5.782
17683,71,0,NULL,NULL,NULL,NULL,NULL,44,0.54
17685,29,0,NULL,NULL,NULL,NULL,NULL,44,0.049
17772,70,0,NULL,NULL,NULL,NULL,NULL,48,0.752
17773,67,0,NULL,NULL,NULL,NULL,NULL,34,5.371
17782,78,0,NULL,NULL,NULL,NULL,NULL,52,4.525
17783,68,0,NULL,NULL,NULL,NULL,NULL,20,5.665
17814,79,0,NULL,NULL,NULL,NULL,NULL,45,0.513
17815,76,0,NULL,NULL,NULL,NULL,NULL,51,0.363
17830,49,0,NULL,NULL,NULL,NULL,NULL,63,2.345
17855,77,0,NULL,NULL,NULL,NULL,NULL,52,4.211
17856,78,0,NULL,NULL,NULL,NULL,NULL,0,2.828
17857,78,0,NULL,NULL,NULL,NULL,NULL,44,5.066
17858,77,0,NULL,NULL,NULL,NULL,NULL,0,0.515
17868,70,0,NULL,NULL,NULL,NULL,NULL,72,0.796
17869,58,0,NULL,NULL,NULL,NULL,NULL,19,0.594
17870,69,0,NULL,NULL,NULL,NULL,NULL,69,1.326
17911,55,0,NULL,NULL,NULL,NULL,NULL,54,1.825
17922,94,0,NULL,NULL,NULL,NULL,NULL,0,1.803
17923,84,0,NULL,NULL,NULL,NULL,NULL,41,1.6
17939,52,0,NULL,NULL,NULL,NULL,NULL,108,2.986
17940,69,0,NULL,NULL,NULL,NULL,NULL,118,2.531
18007,78,0,NULL,NULL,NULL,NULL,NULL,0,0.85
18008,71,0,NULL,NULL,NULL,NULL,NULL,31,1.394
18031,77,0,NULL,NULL,NULL,NULL,NULL,0,1.446
18032,62,0,NULL,NULL,NULL,NULL,NULL,42,1.214
18033,66,0,NULL,NULL,NULL,NULL,NULL,0,0.981
18085,64,0,NULL,NULL,NULL,NULL,NULL,18,1.209
18092,66,0,NULL,NULL,NULL,NULL,NULL,59,3.146
18093,61,0,NULL,NULL,NULL,NULL,NULL,18,0.699
18099,60,0,NULL,NULL,NULL,NULL,NULL,23,4.221
18130,40,0,NULL,NULL,NULL,NULL,NULL,17,1.356
18142,18,0,NULL,NULL,NULL,NULL,NULL,52,1.807
18143,73,0,NULL,NULL,NULL,NULL,NULL,14,0.654
18144,67,0,NULL,NULL,NULL,NULL,NULL,17,1.125
18145,70,0,NULL,NULL,NULL,NULL,NULL,63,3.414
18146,67,0,NULL,NULL,NULL,NULL,NULL,17,1.139
18190,69,0,NULL,NULL,NULL,NULL,NULL,16,2.697
18191,74,0,NULL,NULL,NULL,NULL,NULL,72,0.057
18192,71,0,NULL,NULL,NULL,NULL,NULL,12,1.808
18193,73,0,NULL,NULL,NULL,NULL,NULL,74,1.462
18289,41,0,NULL,NULL,NULL,NULL,NULL,112,0.293
18303,76,0,NULL,NULL,NULL,NULL,NULL,168,0.418
18304,72,0,NULL,NULL,NULL,NULL,NULL,204,0.89
18305,67,0,NULL,NULL,NULL,NULL,NULL,166,0.266
18306,72,0,NULL,NULL,NULL,NULL,NULL,197,1.662
18344,69,0,NULL,NULL,NULL,NULL,NULL,90,0.633
18345,73,0,NULL,NULL,NULL,NULL,NULL,154,2.556
18346,69,0,NULL,NULL,NULL,NULL,NULL,94,1.015
18433,44,0,NULL,NULL,NULL,NULL,NULL,266,5.542
18476,63,0,NULL,NULL,NULL,NULL,NULL,15,4.336
18479,65,0,NULL,NULL,NULL,NULL,NULL,35,3.502
18480,69,0,NULL,NULL,NULL,NULL,NULL,21,4.437
18481,80,0,NULL,NULL,NULL,NULL,NULL,55,2.957
18508,80,0,NULL,NULL,NULL,NULL,NULL,53,3.993
18509,75,0,NULL,NULL,NULL,NULL,NULL,10,0.464
18515,87,0,NULL,NULL,NULL,NULL,NULL,0,0.539
18516,78,0,NULL,NULL,NULL,NULL,NULL,34,4.547
18517,72,0,NULL,NULL,NULL,NULL,NULL,21,4.548
18728,4,0,NULL,NULL,NULL,NULL,NULL,62,3.957
18729,3,0,NULL,NULL,NULL,NULL,NULL,0,0.09
18842,47,0,NULL,NULL,NULL,NULL,NULL,27,4.752
19014,69,0,NULL,NULL,NULL,NULL,NULL,64,1.082
19015,72,0,NULL,NULL,NULL,NULL,NULL,18,1.217
19042,76,0,NULL,NULL,NULL,NULL,NULL,66,2.128
19043,72,0,NULL,NULL,NULL,NULL,NULL,0,3.131
19046,29,0,NULL,NULL,NULL,NULL,NULL,1,2.501
19047,69,0,NULL,NULL,NULL,NULL,NULL,59,2.622
19048,71,0,NULL,NULL,NULL,NULL,NULL,11,3.052
19049,69,0,NULL,NULL,NULL,NULL,NULL,59,5.927
19050,72,0,NULL,NULL,NULL,NULL,NULL,2,2.852
19147,72,0,NULL,NULL,NULL,NULL,NULL,34,1.041
19148,78,0,NULL,NULL,NULL,NULL,NULL,0,0.908
19163,75,0,NULL,NULL,NULL,NULL,NULL,53,0.887
19164,64,0,NULL,NULL,NULL,NULL,NULL,16,0.784
19167,75,0,NULL,NULL,NULL,NULL,NULL,66,1.107
19168,47,0,NULL,NULL,NULL,NULL,NULL,16,0.088
19169,76,0,NULL,NULL,NULL,NULL,NULL,66,0.923
19170,64,0,NULL,NULL,NULL,NULL,NULL,25,0.699
19171,74,0,NULL,NULL,NULL,NULL,NULL,68,0.847
19260,66,0,NULL,NULL,NULL,NULL,NULL,19,5.568
19391,78,0,NULL,NULL,NULL,NULL,NULL,0,1.347
19392,76,0,NULL,NULL,NULL,NULL,NULL,0,0.41
19393,76,0,NULL,NULL,NULL,NULL,NULL,66,2.528
19452,69,0,NULL,NULL,NULL,NULL,NULL,61,0.687
19459,78,0,NULL,NULL,NULL,NULL,NULL,73,0.372
19460,80,0,NULL,NULL,NULL,NULL,NULL,0,3.705
19479,74,0,NULL,NULL,NULL,NULL,NULL,67,0.649
19480,77,0,NULL,NULL,NULL,NULL,NULL,0,1.386
19483,72,0,NULL,NULL,NULL,NULL,NULL,61,1.479
19484,72,0,NULL,NULL,NULL,NULL,NULL,0,3.361
19497,66,0,NULL,NULL,NULL,NULL,NULL,24,3.891
19498,68,0,NULL,NULL,NULL,NULL,NULL,81,1.42
19499,67,0,NULL,NULL,NULL,NULL,NULL,25,5.149
